Salutation,First Name,Last Name,Phone,Home Phone,Mobile,Other Phone,Department,Level,Zip Code
,Teresa,Valdez,(779) 801-8268,,,,,Primary,77433
,Beatrice,McCarthy,,,(311) 470-4539,,,Primary,77429
,Darcie,Torres,,(576) 231-8707,,,,Primary,77433
,Emilia,Ryan,,,,(685) 477-4084,,Secondary,77433
,Cora,McCann,(205) 679-6282,,,,,Primary,77433
,Kye,Mendoza,,,(416) 404-6815,,,Secondary,77429
,Cleo,Gardner,,,(731) 976-0813,,,Secondary,77429
,Beth,Richards,(247) 660-3306,,,,,Primary,77431
,Leslie,Dawson,(829) 721-5329,,,,,Secondary,77433
,Bruce,Holland,,(790) 919-4921,,,,Primary,77431
,Hamza,Robbins,,,(872) 589-4836,,,Secondary,77429
,Stella,Malone,(343) 519-5708,,,,,Primary,77429
,Brian,Watts,(831) 643-6377,,,,,Secondary,77429
,Archie,Stewart,(851) 450-3471,,,,,Secondary,77433
,Shane,Kramer,,,(416) 278-6158,,,Primary,77431
,Jimmy,Terry,(282) 640-9507,,,,,Primary,77429
,Jac,Silva,,(314) 718-7965,,,,Primary,77431
,Gary,Thompson,,,(744) 465-3111,,,Primary,77433
,Kristian,Wyatt,(747) 220-9724,,,,,Primary,77433
